country,year,iso_code,population,gdp,co2,co2_per_capita,coal_co2
Azerbaijan,2000,AZE,8174784,34255707098,29.765,3.641,
Azerbaijan,2001,AZE,8251776,36862177017,28.415,3.444,
Azerbaijan,2002,AZE,8326141,40295217200,28.570,3.431,
Azerbaijan,2003,AZE,8400528,44994637993,30.488,3.629,
Azerbaijan,2004,AZE,8489874,50107477354,32.253,3.799,
Azerbaijan,2005,AZE,8597248,64019175136,34.194,3.977,
Azerbaijan,2006,AZE,8711380,87026407066,34.522,3.963,
Azerbaijan,2007,AZE,8828313,109944254894,30.037,3.402,0.022
Azerbaijan,2008,AZE,8942637,123130002462,33.037,3.694,0.015
Azerbaijan,2009,AZE,9046336,136020226283,29.103,3.217,0.015
Azerbaijan,2010,AZE,9146852,144296577620,27.549,3.012,0.022
Azerbaijan,2011,AZE,9256156,145980469968,30.210,3.264,0.018
Azerbaijan,2012,AZE,9376179,149196415149,32.770,3.495,0.015
Azerbaijan,2013,AZE,9504417,157913964589,33.559,3.531,0.011
Azerbaijan,2014,AZE,9631136,162332395164,34.345,3.566,0.007
Azerbaijan,2015,AZE,9752859,164036906588,34.683,3.556,0.011
Azerbaijan,2016,AZE,9868434,159010796104,34.727,3.519,0.004
Azerbaijan,2017,AZE,9968510,159255674569,34.698,3.481,0.004
Azerbaijan,2018,AZE,10039782,161644514845,34.576,3.444,0.004
Azerbaijan,2019,AZE,10110483,165653307401,37.753,3.734,0.004
Azerbaijan,2020,AZE,10181736,158697520949,36.237,3.559,0.004
Azerbaijan,2021,AZE,10234372,167584576527,38.300,3.742,0.000
Azerbaijan,2022,AZE,10295307,175370552026,41.175,3.999,0.044
Azerbaijan,2023,AZE,10318209,,42.748,4.143,0.044
Azerbaijan,2024,AZE,10336577,,39.830,3.853,0.044
Belarus,2000,BLR,9991310,91419114455,55.014,5.506,4.198
Belarus,2001,BLR,9938068,94624119098,54.105,5.444,3.735
Belarus,2002,BLR,9873451,98263269227,53.944,5.464,3.227
Belarus,2003,BLR,9803175,103937865617,55.236,5.635,3.142
Belarus,2004,BLR,9735089,114486408721,58.373,5.996,2.970
Belarus,2005,BLR,9667833,123858071551,59.396,6.144,2.963
Belarus,2006,BLR,9608041,134673942572,61.809,6.433,2.892
Belarus,2007,BLR,9563135,144615680573,60.276,6.303,2.793
Belarus,2008,BLR,9529357,157577029170,62.931,6.604,2.628
Belarus,2009,BLR,9507334,156010272888,60.628,6.377,2.677
Belarus,2010,BLR,9490752,166239903113,62.515,6.587,2.901
Belarus,2011,BLR,9472738,173120303880,61.353,6.477,2.975
Belarus,2012,BLR,9463075,175940441074,62.592,6.614,5.004
Belarus,2013,BLR,9464454,177632980571,64.152,6.778,4.838
Belarus,2014,BLR,9472704,180627882895,63.699,6.725,4.634
Belarus,2015,BLR,9487289,173709821418,58.828,6.201,4.094
Belarus,2016,BLR,9499066,169304543676,58.188,6.126,3.692
Belarus,2017,BLR,9495793,173606575679,59.444,6.260,3.882
Belarus,2018,BLR,9480031,179054352755,62.171,6.558,3.964
Belarus,2019,BLR,9435415,181643469714,62.171,6.589,4.101
Belarus,2020,BLR,9350943,180420997693,59.123,6.323,3.789
Belarus,2021,BLR,9251368,184521985376,60.861,6.579,3.883
Belarus,2022,BLR,9173240,175773799265,57.121,6.227,3.812
Belarus,2023,BLR,9115679,,55.736,6.114,3.462
Belarus,2024,BLR,9056696,,55.818,6.163,3.427
China,2000,CHN,1269581174,5952682232028,3643.810,2.870,2601.591
China,2001,CHN,1278725061,6329737256820,3724.114,2.912,2637.885
China,2002,CHN,1286866835,6814493895929,4098.181,3.185,3018.604
China,2003,CHN,1294517323,7248623080792,4835.251,3.735,3601.892
China,2004,CHN,1302100316,7830953177799,5210.961,4.002,3835.193
China,2005,CHN,1310027135,8602939667333,5881.991,4.490,4424.240
China,2006,CHN,1318054030,9489543138489,6486.185,4.921,4905.253
China,2007,CHN,1325813576,10358206113742,6974.663,5.261,5289.790
China,2008,CHN,1333821011,10799148337884,7492.404,5.617,5729.368
China,2009,CHN,1342522717,11572544299171,7881.491,5.871,6028.871
China,2010,CHN,1351561505,12858808500983,8610.048,6.370,6569.148
China,2011,CHN,1360250658,13691526496125,9520.153,6.999,7309.640
China,2012,CHN,1369520866,14773157494771,9767.311,7.132,7464.979
China,2013,CHN,1379008040,15925464549520,9942.371,7.210,7493.418
China,2014,CHN,1387951970,17103948867278,9976.027,7.188,7425.231
China,2015,CHN,1396134171,18301224436466,9858.040,7.061,7266.352
China,2016,CHN,1404052628,19545709173693,9748.175,6.943,7071.886
China,2017,CHN,1412354730,20894362082435,10000.014,7.080,7163.662
China,2018,CHN,1419008954,22294284747546,10346.790,7.292,7316.700
China,2019,CHN,1423520357,23631941251482,10713.515,7.526,7522.577
China,2020,CHN,1426106093,24151843898871,10896.521,7.641,7679.382
China,2021,CHN,1426437269,26180600167672,11284.401,7.911,8004.203
China,2022,CHN,1425179562,26966016991166,11711.808,8.218,8468.947
China,2023,CHN,1422584930,,12172.009,8.556,8740.891
China,2024,CHN,1419321284,,12289.037,8.658,8886.021
Egypt,2000,EGY,73083287,444250275939,142.837,1.954,3.144
Egypt,2001,EGY,74652035,475679003242,126.372,1.693,2.748
Egypt,2002,EGY,76239140,501912285229,128.362,1.684,2.957
Egypt,2003,EGY,77853548,528750466385,149.954,1.926,3.063
Egypt,2004,EGY,79477441,561597926809,151.917,1.911,3.191
Egypt,2005,EGY,81101012,600297394092,166.934,2.058,3.067
Egypt,2006,EGY,82700404,650403845291,178.389,2.157,2.928
Egypt,2007,EGY,84276224,713462332878,189.201,2.245,2.917
Egypt,2008,EGY,85864791,775303694329,195.860,2.281,2.854
Egypt,2009,EGY,87501635,831415021492,205.243,2.346,2.689
Egypt,2010,EGY,89196073,898751418203,202.704,2.273,4.126
Egypt,2011,EGY,91093066,923052843843,221.675,2.434,1.700
Egypt,2012,EGY,93161000,950287307199,212.524,2.281,1.803
Egypt,2013,EGY,95333551,984556585202,219.087,2.298,1.700
Egypt,2014,EGY,97528655,1035721838706,227.254,2.330,1.495
Egypt,2015,EGY,99597334,1079611566322,226.654,2.276,1.345
Egypt,2016,EGY,101644583,1121578599865,245.164,2.412,1.608
Egypt,2017,EGY,103696055,1158060486104,253.364,2.443,6.507
Egypt,2018,EGY,105682092,1220661740193,241.903,2.289,13.007
Egypt,2019,EGY,107553159,1289253465646,234.060,2.176,10.124
Egypt,2020,EGY,109315118,1307778142529,246.323,2.253,5.401
Egypt,2021,EGY,110957005,1400985648780,266.839,2.405,8.702
Egypt,2022,EGY,112618252,1460427350416,249.899,2.219,7.762
Egypt,2023,EGY,114535772,,250.230,2.185,8.639
Egypt,2024,EGY,116538256,,258.368,2.217,12.121
European Union (27),2000,,427627361,,3600.416,8.420,1207.173
European Union (27),2001,,428578326,,3657.100,8.533,1203.711
European Union (27),2002,,429890525,,3657.391,8.508,1209.282
European Union (27),2003,,431461841,,3736.359,8.660,1241.698
European Union (27),2004,,433058605,,3743.384,8.644,1237.495
European Union (27),2005,,434557134,,3734.892,8.595,1200.147
European Union (27),2006,,435683170,,3752.005,8.612,1218.487
European Union (27),2007,,436994510,,3701.867,8.471,1238.272
European Union (27),2008,,438548227,,3625.826,8.268,1150.303
European Union (27),2009,,439690812,,3330.504,7.575,1014.657
European Union (27),2010,,440608965,,3424.327,7.772,1068.417
European Union (27),2011,,441440625,,3327.059,7.537,1084.980
European Union (27),2012,,441999248,,3258.616,7.372,1087.436
European Union (27),2013,,442399413,,3176.529,7.180,1057.888
European Union (27),2014,,442964758,,3038.861,6.860,1018.710
European Union (27),2015,,443910920,,3094.906,6.972,1014.394
European Union (27),2016,,444911502,,3094.515,6.955,965.603
European Union (27),2017,,445696788,,3118.460,6.997,953.007
European Union (27),2018,,446503671,,3049.484,6.830,903.249
European Union (27),2019,,447369201,,2904.949,6.493,741.368
European Union (27),2020,,447777523,,2627.051,5.867,611.848
European Union (27),2021,,447705920,,2801.469,6.257,694.401
European Union (27),2022,,449113463,,2736.946,6.094,692.657
European Union (27),2023,,450657572,,2484.997,5.514,540.003
European Union (27),2024,,450259560,,2426.166,5.388,470.667
Germany,2000,DEU,81797255,2718560455818,898.976,10.990,373.461
Germany,2001,DEU,81933882,2793373055251,915.255,11.171,376.520
Germany,2002,DEU,82068328,2822441773260,898.834,10.952,375.786
Germany,2003,DEU,82111619,2831676106520,894.501,10.894,378.305
Germany,2004,DEU,82092706,2894624877966,876.570,10.678,374.908
Germany,2005,DEU,82046733,2945460930734,867.880,10.578,361.975
Germany,2006,DEU,81701971,3086359147617,886.434,10.850,367.653
Germany,2007,DEU,81298546,3220275669650,846.153,10.408,376.715
Germany,2008,DEU,81110780,3289020399474,856.643,10.561,353.581
Germany,2009,DEU,80935276,3136502162046,789.984,9.761,316.280
Germany,2010,DEU,80830916,3301123203586,826.705,10.228,341.311
Germany,2011,DEU,80857877,3467712967640,804.542,9.950,339.624
Germany,2012,DEU,80916391,3482225441398,814.093,10.061,350.039
Germany,2013,DEU,81041581,3497463140441,831.746,10.263,357.254
Germany,2014,DEU,81376078,3574741315261,792.584,9.740,344.722
Germany,2015,DEU,82077546,3628073946157,800.823,9.757,341.117
Germany,2016,DEU,82760102,3708979940863,797.988,9.642,329.436
Germany,2017,DEU,83104010,3808389445530,784.595,9.441,312.692
Germany,2018,DEU,83368507,3845758522294,758.771,9.101,296.871
Germany,2019,DEU,83559184,3886392581475,708.649,8.481,240.114
Germany,2020,DEU,83628711,3742721113842,647.177,7.739,198.530
Germany,2021,DEU,83697080,3841041747482,677.998,8.101,232.139
Germany,2022,DEU,84086227,3909612753939,667.843,7.942,239.428
Germany,2023,DEU,84548233,,593.766,7.023,186.157
Germany,2024,DEU,84552234,,572.319,6.769,162.639
Greece,2000,GRC,10782638,223530895992,102.973,9.550,45.851
Greece,2001,GRC,10843166,234861781413,105.361,9.717,47.020
Greece,2002,GRC,10890287,246267119689,105.000,9.642,45.544
Greece,2003,GRC,10918467,262880256421,109.067,9.989,45.616
Greece,2004,GRC,10947369,278667908011,109.485,10.001,47.094
Greece,2005,GRC,10981340,282859759866,113.889,10.371,46.604
Greece,2006,GRC,11016107,301538680337,112.419,10.205,42.794
Greece,2007,GRC,11045737,314210147911,114.545,10.370,45.193
Greece,2008,GRC,11076874,315974328109,111.080,10.028,43.285
Greece,2009,GRC,11108067,305101334774,104.319,9.391,42.243
Greece,2010,GRC,11124666,290984350750,97.354,8.751,41.260
Greece,2011,GRC,11108838,266793942822,94.505,8.507,42.080
Greece,2012,GRC,11048291,247887031358,91.393,8.272,43.257
Greece,2013,GRC,10967534,241650188710,81.713,7.450,37.291
Greece,2014,GRC,10893169,242799798246,78.636,7.219,35.227
Greece,2015,GRC,10820902,242323725826,74.927,6.924,29.949
Greece,2016,GRC,10775506,241143085639,71.360,6.622,23.594
Greece,2017,GRC,10753532,243776808141,74.842,6.960,26.019
Greece,2018,GRC,10730846,247844015413,71.778,6.689,24.851
Greece,2019,GRC,10718581,252514250712,65.736,6.133,17.879
Greece,2020,GRC,10699370,229777821500,55.577,5.194,10.147
Greece,2021,GRC,10579561,249158215293,57.528,5.438,9.259
Greece,2022,GRC,10412481,263892672733,57.609,5.533,8.767
Greece,2023,GRC,10242910,,51.988,5.076,6.531
Greece,2024,GRC,10047813,,53.361,5.311,4.823
India,2000,IND,1057922731,2804478499774,987.065,0.933,572.903
India,2001,IND,1077898579,2940745466088,1001.198,0.929,582.111
India,2002,IND,1097600380,3024984520809,1032.750,0.941,598.539
India,2003,IND,1116803000,3251114494190,1068.398,0.957,625.833
India,2004,IND,1135991509,3495022816540,1134.611,0.999,669.993
India,2005,IND,1154676321,3752627653422,1195.393,1.035,721.496
India,2006,IND,1172878888,4069856052453,1293.321,1.103,773.551
India,2007,IND,1190676028,4403215224414,1393.485,1.170,842.536
India,2008,IND,1207930960,4649548164533,1490.366,1.234,910.753
India,2009,IND,1225524764,4993478894185,1613.328,1.316,983.947
India,2010,IND,1243481565,5361371354007,1678.530,1.350,1015.983
India,2011,IND,1261224956,5720692888000,1765.695,1.400,1074.385
India,2012,IND,1278674501,6052427493607,1926.986,1.507,1206.452
India,2013,IND,1295829507,6424470752490,1995.337,1.540,1276.383
India,2014,IND,1312277184,6875186158349,2148.052,1.637,1407.057
India,2015,IND,1328024494,7391521519812,2231.817,1.681,1449.587
India,2016,IND,1343944296,8057465593010,2352.540,1.750,1499.401
India,2017,IND,1359657398,8550029645172,2425.722,1.784,1551.256
India,2018,IND,1374659067,9173201683791,2595.227,1.888,1668.318
India,2019,IND,1389030307,9595463242427,2611.175,1.880,1661.940
India,2020,IND,1402617694,8945313249462,2422.732,1.727,1561.799
India,2021,IND,1414203896,9801621018003,2675.778,1.892,1767.297
India,2022,IND,1425423209,10476248645535,2831.132,1.986,1855.854
India,2023,IND,1438069597,,3062.756,2.130,2032.048
India,2024,IND,1450935785,,3193.478,2.201,2108.033
Iran,2000,IRN,66418661,595554549032,367.213,5.529,5.328
Iran,2001,IRN,67452005,636570203280,389.912,5.781,4.140
Iran,2002,IRN,68011318,698059655739,397.031,5.838,4.664
Iran,2003,IRN,68769343,779969698412,410.967,5.976,5.188
Iran,2004,IRN,70256316,849441950372,442.119,6.293,4.994
Iran,2005,IRN,71828455,908856025194,466.795,6.499,6.086
Iran,2006,IRN,73392747,995245162302,501.015,6.826,5.983
Iran,2007,IRN,74602648,1098784519617,507.771,6.806,6.577
Iran,2008,IRN,75514201,1132365762681,528.528,6.999,5.859
Iran,2009,IRN,76457831,1208128386676,543.406,7.107,4.397
Iran,2010,IRN,77420851,1310507059384,561.496,7.253,5.452
Iran,2011,IRN,78383602,1345049307937,576.366,7.353,5.529
Iran,2012,IRN,79370583,1324570752684,599.278,7.550,4.283
Iran,2013,IRN,80414689,1287095594893,609.997,7.586,4.269
Iran,2014,IRN,81502045,1352737013920,644.228,7.904,3.664
Iran,2015,IRN,82619365,1331012211481,641.959,7.770,4.349
Iran,2016,IRN,83812230,1413723685657,644.680,7.692,3.455
Iran,2017,IRN,85026761,1486668357750,696.407,8.190,4.716
Iran,2018,IRN,86117999,1483607175221,664.523,7.716,4.463
Iran,2019,IRN,87051649,1438754460224,727.269,8.354,5.785
Iran,2020,IRN,87723448,1446203709942,745.596,8.499,6.504
Iran,2021,IRN,88455490,1525523070071,779.525,8.813,7.280
Iran,2022,IRN,89524247,1572209055082,767.178,8.570,7.460
Iran,2023,IRN,90608708,,789.676,8.715,6.263
Iran,2024,IRN,91567737,,792.631,8.656,6.398
Japan,2000,JPN,127027794,4209651870326,1260.203,9.921,365.732
Japan,2001,JPN,127260144,4224163277272,1245.935,9.790,374.745
Japan,2002,JPN,127484599,4226576076119,1275.420,10.005,392.048
Japan,2003,JPN,127671254,4288493482445,1283.845,10.056,405.725
Japan,2004,JPN,127815769,4380398118363,1279.122,10.008,413.614
Japan,2005,JPN,127913331,4450600710060,1286.412,10.057,424.188
Japan,2006,JPN,127997247,4514225078439,1263.440,9.871,421.175
Japan,2007,JPN,128087683,4590814009043,1298.974,10.141,438.589
Japan,2008,JPN,128155992,4542408020234,1228.687,9.587,420.311
Japan,2009,JPN,128192471,4298103109270,1160.253,9.051,406.014
Japan,2010,JPN,128185273,4480295644398,1211.090,9.448,440.141
Japan,2011,JPN,128096430,4468738319171,1261.181,9.846,424.824
Japan,2012,JPN,127928283,4530172048567,1302.113,10.178,444.259
Japan,2013,JPN,127723642,4621006950566,1311.876,10.271,475.299
Japan,2014,JPN,127486601,4634693421103,1260.272,9.886,466.617
Japan,2015,JPN,127275868,4707025000790,1219.982,9.585,460.158
Japan,2016,JPN,127159950,4742508721138,1199.933,9.436,451.654
Japan,2017,JPN,127064686,4821960242931,1184.392,9.321,453.724
Japan,2018,JPN,126913432,4852985093686,1138.550,8.971,436.723
Japan,2019,JPN,126699421,4833467877373,1102.063,8.698,427.648
Japan,2020,JPN,126304533,4626661481209,1037.285,8.213,395.042
Japan,2021,JPN,125679342,4725883595048,1058.502,8.422,421.464
Japan,2022,JPN,124997585,4774494846664,1029.645,8.237,403.623
Japan,2023,JPN,124370947,,986.910,7.935,386.839
Japan,2024,JPN,123753041,,961.867,7.772,380.972
Kazakhstan,2000,KAZ,15501108,142758090799,142.197,9.173,95.035
Kazakhstan,2001,KAZ,15575550,162896083567,138.036,8.862,93.208
Kazakhstan,2002,KAZ,15656680,179807015103,156.768,10.013,95.068
Kazakhstan,2003,KAZ,15747377,197584132991,175.022,11.114,106.206
Kazakhstan,2004,KAZ,15850164,217713169930,185.476,11.702,112.534
Kazakhstan,2005,KAZ,15968118,240059743236,198.449,12.428,113.324
Kazakhstan,2006,KAZ,16103718,267135182235,219.633,13.639,119.135
Kazakhstan,2007,KAZ,16257212,292456722644,225.712,13.884,129.580
Kazakhstan,2008,KAZ,16426527,303717015928,226.102,13.764,125.130
Kazakhstan,2009,KAZ,16619851,309012285175,223.189,13.429,136.013
Kazakhstan,2010,KAZ,16836808,333341740713,248.093,14.735,144.001
Kazakhstan,2011,KAZ,17065996,360244945296,238.157,13.955,141.541
Kazakhstan,2012,KAZ,17306115,378260779954,245.263,14.172,152.612
Kazakhstan,2013,KAZ,17556502,400574375261,253.533,14.441,150.900
Kazakhstan,2014,KAZ,17816285,417799078586,299.137,16.790,194.196
Kazakhstan,2015,KAZ,18084175,421977118608,303.052,16.758,186.754
Kazakhstan,2016,KAZ,18363600,425774884998,301.739,16.431,185.489
Kazakhstan,2017,KAZ,18651931,442384368842,317.720,17.034,191.064
Kazakhstan,2018,KAZ,18932725,460522121041,329.572,17.408,193.772
Kazakhstan,2019,KAZ,19209556,481245619523,296.040,15.411,180.217
Kazakhstan,2020,KAZ,19482116,468733212615,281.789,14.464,184.964
Kazakhstan,2021,KAZ,19743607,487951301251,244.904,12.404,138.533
Kazakhstan,2022,KAZ,20034612,503634062609,274.346,13.694,150.966
Kazakhstan,2023,KAZ,20330109,,286.175,14.076,163.217
Kazakhstan,2024,KAZ,20592574,,287.006,13.937,160.167
Pakistan,2000,PAK,154879124,459798536606,103.940,0.671,8.192
Pakistan,2001,PAK,159270910,477964444881,105.401,0.662,8.042
Pakistan,2002,PAK,163222552,504824722487,110.566,0.677,7.742
Pakistan,2003,PAK,167110250,543920300431,113.142,0.677,8.841
Pakistan,2004,PAK,171285999,592025705114,124.637,0.728,11.923
Pakistan,2005,PAK,175453212,641139042718,129.947,0.741,11.446
Pakistan,2006,PAK,179682690,685965623310,137.912,0.768,12.051
Pakistan,2007,PAK,184493231,719253757580,148.349,0.804,16.067
Pakistan,2008,PAK,189499112,746912719652,147.901,0.780,12.887
Pakistan,2009,PAK,194376535,774880575078,148.355,0.763,11.446
Pakistan,2010,PAK,199239048,805491514683,147.504,0.740,11.021
Pakistan,2011,PAK,203746069,845096928750,149.488,0.734,12.003
Pakistan,2012,PAK,207667129,878485024934,150.555,0.725,10.369
Pakistan,2013,PAK,211073979,918328534363,148.183,0.702,10.318
Pakistan,2014,PAK,214264649,961516822345,150.810,0.704,13.117
Pakistan,2015,PAK,217290884,1010825281718,144.896,0.667,12.506
Pakistan,2016,PAK,220138863,1061146810870,176.741,0.803,22.614
Pakistan,2017,PAK,223273974,1117267177186,211.981,0.949,37.259
Pakistan,2018,PAK,226928893,1165406508457,203.500,0.897,46.210
Pakistan,2019,PAK,230800908,1172330212219,190.826,0.827,44.715
Pakistan,2020,PAK,235001745,1202026422230,215.510,0.917,52.010
Pakistan,2021,PAK,239477805,1278204948031,243.552,1.017,62.292
Pakistan,2022,PAK,243700667,1318834969356,211.970,0.870,59.540
Pakistan,2023,PAK,247504505,,186.861,0.755,51.092
Pakistan,2024,PAK,251269160,,179.800,0.716,45.250
Poland,2000,POL,38258077,488207682001,317.306,8.294,228.827
Poland,2001,POL,38247359,499086644170,313.267,8.191,226.152
Poland,2002,POL,38229407,514089670231,305.852,8.000,219.897
Poland,2003,POL,38203527,537330337680,318.733,8.343,226.406
Poland,2004,POL,38167568,570430122148,323.621,8.479,226.424
Poland,2005,POL,38124377,595958527688,322.577,8.461,222.638
Poland,2006,POL,38071169,638713864539,336.387,8.836,232.308
Poland,2007,POL,38020420,690249985288,335.735,8.830,227.707
Poland,2008,POL,37995902,726319216200,329.428,8.670,220.472
Poland,2009,POL,38002153,760579624624,315.886,8.312,209.074
Poland,2010,POL,38095356,795619859853,334.028,8.768,220.927
Poland,2011,POL,38208644,843236863910,333.406,8.726,218.379
Poland,2012,POL,38247867,856266755052,325.778,8.518,214.040
Poland,2013,POL,38259267,863601156195,321.757,8.410,214.314
Poland,2014,POL,38265113,896737189458,309.415,8.086,202.997
Poland,2015,POL,38266314,936043804062,312.549,8.168,201.647
Poland,2016,POL,38263260,963689941627,323.300,8.449,202.099
Poland,2017,POL,38254964,1013223736654,336.505,8.796,203.504
Poland,2018,POL,38241070,1073462064151,335.719,8.779,198.673
Poland,2019,POL,38225884,1121231497071,317.444,8.304,177.753
Poland,2020,POL,38171005,1098581305284,302.102,7.914,164.196
Poland,2021,POL,38040303,1173809548862,330.694,8.693,184.114
Poland,2022,POL,38385734,1231021338216,314.892,8.203,172.493
Poland,2023,POL,38762847,,283.243,7.307,141.924
Poland,2024,POL,38539209,,272.862,7.080,127.311
Russia,2000,RUS,146717784,1547057523527,1480.576,10.091,425.710
Russia,2001,RUS,146117290,1662886727147,1518.081,10.389,444.520
Russia,2002,RUS,145939502,1781424730851,1508.330,10.335,422.617
Russia,2003,RUS,145794230,1955875991276,1539.006,10.556,424.648
Russia,2004,RUS,145180091,2143914665541,1545.353,10.644,414.711
Russia,2005,RUS,144597886,2331247104465,1563.980,10.816,416.446
Russia,2006,RUS,144102948,2576148450528,1623.428,11.266,436.040
Russia,2007,RUS,143859767,2858759376272,1624.315,11.291,421.199
Russia,2008,RUS,143811837,3078094367564,1652.731,11.492,449.833
Russia,2009,RUS,143869128,2903690263125,1545.236,10.741,417.327
Russia,2010,RUS,143934468,3105249267337,1633.147,11.346,417.855
Russia,2011,RUS,144043751,3306765993750,1684.989,11.698,428.317
Russia,2012,RUS,144291025,3439833075673,1700.104,11.782,443.293
Russia,2013,RUS,144604105,3500216789791,1637.547,11.324,405.805
Russia,2014,RUS,144925639,3525987597216,1637.311,11.298,394.974
Russia,2015,RUS,145307612,3456429719677,1635.244,11.254,414.854
Russia,2016,RUS,145778668,3463123938280,1629.328,11.177,402.760
Russia,2017,RUS,146186798,3526353842599,1661.012,11.362,386.280
Russia,2018,RUS,146430146,3625347362801,1709.910,11.677,399.665
Russia,2019,RUS,146533063,3705035583500,1704.459,11.632,395.976
Russia,2020,RUS,146371295,3606716578675,1631.902,11.149,368.047
Russia,2021,RUS,145836172,3809571453737,1674.524,11.482,375.442
Russia,2022,RUS,145579889,3731440829579,1675.461,11.509,369.694
Russia,2023,RUS,145440502,,1733.135,11.916,382.395
Russia,2024,RUS,144820421,,1780.524,12.295,375.647
Saudi Arabia,2000,SAU,16177733,488272422255,309.639,19.140,0.001
Saudi Arabia,2001,SAU,17041405,506978101388,324.374,19.034,0.005
Saudi Arabia,2002,SAU,17910909,518347038548,346.930,19.370,0.028
Saudi Arabia,2003,SAU,18786771,607244594721,351.228,18.695,0.029
Saudi Arabia,2004,SAU,19669486,690846607941,407.702,20.728,0.036
Saudi Arabia,2005,SAU,20559886,768984265306,412.234,20.050,0.070
Saudi Arabia,2006,SAU,21459141,833723402383,444.977,20.736,0.038
Saudi Arabia,2007,SAU,22368313,896025266041,423.314,18.925,0.055
Saudi Arabia,2008,SAU,23287884,1005243539213,469.430,20.158,0.108
Saudi Arabia,2009,SAU,24217656,1040467027041,503.970,20.810,0.067
Saudi Arabia,2010,SAU,25157134,1156842077931,555.640,22.087,0.170
Saudi Arabia,2011,SAU,26105636,1347950226660,540.236,20.694,0.170
Saudi Arabia,2012,SAU,27062447,1421109142119,605.712,22.382,0.193
Saudi Arabia,2013,SAU,28026825,1461615692896,583.178,20.808,0.239
Saudi Arabia,2014,SAU,28998127,1520484201383,585.109,20.177,0.257
Saudi Arabia,2015,SAU,29974944,1591797027903,624.547,20.836,0.260
Saudi Arabia,2016,SAU,30717804,1629412617614,641.174,20.873,0.330
Saudi Arabia,2017,SAU,30782400,1628276592787,644.487,20.937,0.520
Saudi Arabia,2018,SAU,30365119,1673253984473,652.204,21.479,0.462
Saudi Arabia,2019,SAU,30472809,1687180073621,708.335,23.245,0.484
Saudi Arabia,2020,SAU,30991206,1613932868835,653.565,21.089,0.425
Saudi Arabia,2021,SAU,31328374,1677226744197,695.394,22.197,0.517
Saudi Arabia,2022,SAU,32175351,1823886192336,666.994,20.730,0.509
Saudi Arabia,2023,SAU,33264289,,677.442,20.365,0.630
Saudi Arabia,2024,SAU,33962751,,692.133,20.379,0.701
Turkey,2000,TUR,65425957,785054993224,232.934,3.560,98.746
Turkey,2001,TUR,66245125,732284634333,216.872,3.274,84.738
Turkey,2002,TUR,67048792,796073298321,224.320,3.346,87.460
Turkey,2003,TUR,67831735,848549642280,239.849,3.536,92.222
Turkey,2004,TUR,68592621,931152861082,247.843,3.613,93.600
Turkey,2005,TUR,69329557,1017383777200,267.711,3.861,102.317
Turkey,2006,TUR,70045351,1096826103018,285.429,4.075,111.846
Turkey,2007,TUR,70750593,1158406990670,316.497,4.473,126.307
Turkey,2008,TUR,71562343,1179868355277,312.628,4.369,123.110
Turkey,2009,TUR,72464846,1122756788420,318.568,4.396,130.557
Turkey,2010,TUR,73346766,1240496805446,318.710,4.345,129.887
Turkey,2011,TUR,74215203,1364782716000,344.215,4.638,135.545
Turkey,2012,TUR,75197196,1430132002360,358.645,4.769,141.931
Turkey,2013,TUR,76403032,1551491738617,350.634,4.589,125.758
Turkey,2014,TUR,78036154,1628131977724,367.272,4.706,130.662
Turkey,2015,TUR,80014222,1727192876718,387.704,4.845,139.511
Turkey,2016,TUR,81652087,1784590365590,405.552,4.967,152.353
Turkey,2017,TUR,83083667,1918472081554,430.622,5.183,158.754
Turkey,2018,TUR,84415966,1975637604336,423.818,5.021,163.517
Turkey,2019,TUR,85357670,1991116616493,406.568,4.763,166.010
Turkey,2020,TUR,86091691,2029749392174,416.328,4.836,159.424
Turkey,2021,TUR,86686254,2260196231771,457.377,5.276,166.276
Turkey,2022,TUR,87058469,2385996374127,443.603,5.095,166.445
Turkey,2023,TUR,87270502,,486.945,5.580,194.937
Turkey,2024,TUR,87473800,,513.035,5.865,209.284
United Arab Emirates,2000,ARE,3493583,160530689682,112.277,32.138,
United Arab Emirates,2001,ARE,3723596,177271829556,101.896,27.365,0.070
United Arab Emirates,2002,ARE,3956829,195394872658,85.213,21.536,0.359
United Arab Emirates,2003,ARE,4192465,224547226340,107.106,25.547,0.421
United Arab Emirates,2004,ARE,4428964,252047957126,112.469,25.394,0.476
United Arab Emirates,2005,ARE,4664797,262413275144,115.273,24.711,0.550
United Arab Emirates,2006,ARE,5009106,307378573765,122.723,24.500,1.066
United Arab Emirates,2007,ARE,5624640,367816178792,134.103,23.842,0.513
United Arab Emirates,2008,ARE,6302669,464692468324,155.030,24.598,1.374
United Arab Emirates,2009,ARE,6707063,480551549339,169.088,25.210,1.041
United Arab Emirates,2010,ARE,6938372,490048925162,185.848,26.786,2.477
United Arab Emirates,2011,ARE,7199436,551070287560,198.518,27.574,1.678
United Arab Emirates,2012,ARE,7497122,577394943300,208.324,27.787,5.251
United Arab Emirates,2013,ARE,7831851,606587973942,214.188,27.348,6.720
United Arab Emirates,2014,ARE,8236880,631858461256,214.530,26.045,7.485
United Arab Emirates,2015,ARE,8674633,674742705535,225.045,25.943,6.507
United Arab Emirates,2016,ARE,9030873,712265114847,227.898,25.235,6.976
United Arab Emirates,2017,ARE,9234330,717500233045,196.493,21.279,8.068
United Arab Emirates,2018,ARE,9346870,726928170282,204.105,21.837,7.277
United Arab Emirates,2019,ARE,9377855,734982504070,204.058,21.760,6.734
United Arab Emirates,2020,ARE,9448529,698549476819,215.266,22.783,8.086
United Arab Emirates,2021,ARE,9789055,725904671328,212.173,21.675,10.054
United Arab Emirates,2022,ARE,10242085,779701520404,207.103,20.221,3.940
United Arab Emirates,2023,ARE,10642089,,210.425,19.773,4.012
United Arab Emirates,2024,ARE,11027135,,221.988,20.131,4.317
United Kingdom,2000,GBR,59057333,1889565292321,569.034,9.635,144.443
United Kingdom,2001,GBR,59288095,1939268312671,577.971,9.749,153.534
United Kingdom,2002,GBR,59540764,1983994308619,560.273,9.410,141.691
United Kingdom,2003,GBR,59820385,2050625402735,571.619,9.556,153.103
United Kingdom,2004,GBR,60169964,2099526641365,573.430,9.530,147.662
United Kingdom,2005,GBR,60596107,2161729510824,570.338,9.412,148.033
United Kingdom,2006,GBR,61051093,2212618867772,567.846,9.301,160.844
United Kingdom,2007,GBR,61535859,2267631534502,559.566,9.093,150.844
United Kingdom,2008,GBR,62027303,2252034759561,544.932,8.785,139.219
United Kingdom,2009,GBR,62506222,2151479208521,494.108,7.905,113.823
United Kingdom,2010,GBR,63006482,2190919919855,511.905,8.125,118.030
United Kingdom,2011,GBR,63509285,2223011392593,469.713,7.396,117.150
United Kingdom,2012,GBR,63960488,2255210551431,487.477,7.622,148.005
United Kingdom,2013,GBR,64389386,2296252599482,477.611,7.418,142.457
United Kingdom,2014,GBR,64865914,2369725553442,438.807,6.765,115.434
United Kingdom,2015,GBR,65382107,2426435869267,422.461,6.461,91.548
United Kingdom,2016,GBR,65893359,2478973016876,399.430,6.062,47.825
United Kingdom,2017,GBR,66354473,2539548543933,387.367,5.838,39.129
United Kingdom,2018,GBR,66752473,2582848171416,379.730,5.689,33.280
United Kingdom,2019,GBR,67110958,2624285076706,364.753,5.435,24.513
United Kingdom,2020,GBR,67351860,2334804059780,326.263,4.844,22.809
United Kingdom,2021,GBR,67668788,2512190098029,342.366,5.059,23.758
United Kingdom,2022,GBR,68179315,2615230634906,311.118,4.563,19.979
United Kingdom,2023,GBR,68682965,,307.826,4.482,17.914
United Kingdom,2024,GBR,69138185,,312.906,4.526,16.948
United States,2000,USA,281484126,12947417795437,6023.158,21.398,2122.340
United States,2001,USA,284279634,13073810008320,5903.562,20.767,2054.729
United States,2002,USA,287084335,13307343638671,5947.819,20.718,2060.072
United States,2003,USA,289908091,13680911930765,6006.440,20.718,2100.323
United States,2004,USA,292786248,14198910513593,6111.545,20.874,2115.293
United States,2005,USA,295716666,14673826218839,6126.903,20.719,2139.954
United States,2006,USA,298730208,15065164240312,6045.326,20.237,2103.871
United States,2007,USA,301844223,15333183877566,6121.542,20.280,2130.169
United States,2008,USA,304970325,15288552732632,5919.221,19.409,2096.888
United States,2009,USA,308023452,14864003344421,5486.104,17.811,1842.392
United States,2010,USA,311062785,15239586726210,5669.250,18.225,1946.510
United States,2011,USA,314105075,15477885525000,5538.973,17.634,1840.243
United States,2012,USA,317115349,15830886903539,5331.467,16.812,1625.427
United States,2013,USA,320110752,16122472460312,5473.436,17.099,1684.672
United States,2014,USA,323115377,16491319003554,5531.385,17.119,1682.162
United States,2015,USA,326126496,16937633974582,5368.497,16.461,1446.990
United States,2016,USA,329179423,17220065720000,5245.362,15.935,1319.993
United States,2017,USA,332204657,17606124654726,5195.417,15.639,1277.049
United States,2018,USA,335056492,18124692769570,5361.236,16.001,1224.380
United States,2019,USA,337790069,18540552700117,5235.912,15.500,1043.896
United States,2020,USA,339436156,18027359681343,4689.954,13.817,853.925
United States,2021,USA,340161438,19099378164000,5020.111,14.758,979.504
United States,2022,USA,341534041,19493170182843,5055.403,14.802,916.343
United States,2023,USA,343477330,,4918.407,14.319,758.572
United States,2024,USA,345426566,,4904.120,14.197,732.886
Uzbekistan,2000,UZB,24787052,116875841754,123.478,4.982,4.917
Uzbekistan,2001,UZB,25090289,119890046302,126.223,5.031,5.049
Uzbekistan,2002,UZB,25399987,122757832356,132.577,5.220,5.042
Uzbekistan,2003,UZB,25711261,125924032405,130.296,5.068,3.877
Uzbekistan,2004,UZB,26029350,133132057133,129.099,4.960,4.584
Uzbekistan,2005,UZB,26356977,140239285325,121.602,4.614,4.426
Uzbekistan,2006,UZB,26699046,148405074458,124.899,4.678,4.752
Uzbekistan,2007,UZB,27076013,159993748436,123.823,4.573,5.034
Uzbekistan,2008,UZB,27494780,171692630381,128.387,4.669,4.924
Uzbekistan,2009,UZB,27939333,182715813772,109.230,3.910,5.305
Uzbekistan,2010,UZB,28385509,195160171269,107.668,3.793,5.151
Uzbekistan,2011,UZB,28823194,208063390835,116.755,4.051,5.415
Uzbekistan,2012,UZB,29261908,222840047403,118.860,4.062,5.471
Uzbekistan,2013,UZB,29724065,239100684823,112.395,3.781,8.017
Uzbekistan,2014,UZB,30222994,255536474727,107.496,3.557,7.434
Uzbekistan,2015,UZB,30749349,273983640646,103.374,3.362,5.995
Uzbekistan,2016,UZB,31284565,290236358613,109.837,3.511,7.097
Uzbekistan,2017,UZB,31819172,302992216928,108.883,3.422,6.694
Uzbekistan,2018,UZB,32373489,320808179800,102.330,3.161,9.666
Uzbekistan,2019,UZB,32964700,339998944961,107.947,3.275,8.292
Uzbekistan,2020,UZB,33586373,346785285756,108.139,3.220,11.520
Uzbekistan,2021,UZB,34243696,372457828275,123.162,3.597,10.241
Uzbekistan,2022,UZB,34938953,393572464308,119.105,3.409,11.901
Uzbekistan,2023,UZB,35652311,,122.872,3.446,18.111
Uzbekistan,2024,UZB,36361859,,139.234,3.829,19.765
